id,name,priority,live_mesh,live_lod_triangles,lod0_sections,nanite_enabled,corpse_meshes,corpse_lod0_triangles,status
HangingBellM09,悬钟 M-09（天花板）,高,/Game/Monsters/HangingBellM09/V04/SK_M09.SK_M09,2179898,6,False,/Game/Monsters/SoftCorpseV1/HangingBellM09/SK_HangingBellM09_SoftCorpse.SK_HangingBellM09_SoftCorpse,2179898,整身减面未完成；V16 局部重建腕部、肩部连接，不能算整身重拓扑
SpiralPillarM14,螺柱 M-14,高,/Game/Monsters/SpiralPillarM14/SK_M14_SupportSkin_v15.SK_M14_SupportSkin_v15,1936942,4,False,/Game/Monsters/SpiralPillarM14/SK_M14_XPBDCorpse_v19.SK_M14_XPBDCorpse_v19,1936942,仍沿用原高密度表面；V15 支撑蒙皮及 V21/V22 动作不等于减面
M10Mawcrawler,沉匣 M-10,高,/Game/Monsters/M10Mawcrawler/SurfaceRigV5/SK_M10_SurfaceRig_V5.SK_M10_SurfaceRig_V5,1258623,4,False,/Game/Monsters/SoftCorpseV1/M10Mawcrawler/SK_M10Mawcrawler_SoftCorpse.SK_M10Mawcrawler_SoftCorpse,1258623,V5 局部重建内口、调整表面及绑骨；整身减面未完成
LurkerM08,伏窥者 M-08,高,/Game/Monsters/LurkerM08/CanineV03/SK_LurkerM08_CanineV03.SK_LurkerM08_CanineV03,1250160,2,False,/Game/Monsters/SoftCorpseV1/LurkerM08/SK_LurkerM08_SoftCorpse.SK_LurkerM08_SoftCorpse,1250160,CanineV03 仍是高密度网格；未见整身减面/重拓扑接入证据
VortexCofferM25,涡电匣 M-25,中,/Game/Monsters/VortexCofferM25/OptimizedV01/SK_M25_VortexCoffer_Game_V01.SK_M25_VortexCoffer_Game_V01,349998/119998/39996/9984,1,False,/Game/Monsters/SoftCorpseV1/VortexCofferM25/SK_VortexCofferM25_SoftCorpse.SK_VortexCofferM25_SoftCorpse,349998,"已从 6,524,740 面减至 349,998 面并接入四级 LOD；保 UV 减面，不等于完整重拓扑"
HandBrain,手脑,中,/Game/Monsters/HandBrain/StyleV1/SK_HandBrain_StyleV1.SK_HandBrain_StyleV1,230023,6,False,/Game/Monsters/SoftCorpseV1/HandBrain/SK_HandBrain_SoftCorpse.SK_HandBrain_SoftCorpse,186560,局部表面修整与细分；源回执明确 complete_anatomical_retopology=false
BlindSupplicantM07,盲祷者 M-07,中,/Game/Monsters/BlindSupplicantM07/SK_M07_BodyMotionV18.SK_M07_BodyMotionV18,207321/82927/80487,2,False,,,已有身体/膜片显示网格优化；末级 LOD 降面幅度不足，非完整整身重拓扑
MantisM27,螳螂-M27,中,/Game/Monsters/MantisM27/BindingV2/SK_MantisM27_BindingV2.SK_MantisM27_BindingV2,197761/98879/39551/15818,1,False,,,LOD0 沿用 Meshy 原网格，BindingV2 未减面；已生成并接入三级低精度 LOD
HundredEyedSlag,百目炉渣,较低,/Game/Monsters/HundredEyedSlag/ArticulationV12/SK_HundredEyedSlag_V12.SK_HundredEyedSlag_V12,100000/44999/13999,1,False,,,"原 2,896,776 面已减至 100,000 面，配合法线烘焙和三级 LOD；不等同完整重拓扑"
PoisonMaggot,毒蛆,较低,/Game/Monsters/PoisonMaggot/StyleV1/SK_PoisonMaggot_StyleV1.SK_PoisonMaggot_StyleV1,40336,1,False,/Game/Monsters/SoftCorpseV1/PoisonMaggot/SK_PoisonMaggot_SoftCorpse.SK_PoisonMaggot_SoftCorpse,40336,有 QuadriFlow 重网格、贴合、UV 与高低模 PBR 烘焙；StyleV1 保留这套拓扑
FleshHand,异变巨手,较低,/Game/Monsters/FleshHand/SK_FleshHand_Green.SK_FleshHand_Green,27270/13634/5454,1,False,/Game/Monsters/SoftCorpseV1/FleshHand/SK_FleshHand_SoftCorpse.SK_FleshHand_SoftCorpse,27270,Meshy 四边形重网格已接入，本地保留四边面绑骨；另制低精度 LOD
FleshHandMinion,小皮肤手,需关注尸体,/Game/Monsters/FleshHand/SK_FleshHand_Green.SK_FleshHand_Green,27270/13634/5454,1,False,/Game/Monsters/SoftCorpseV1/FleshHand/SK_FleshHand_SoftCorpse.SK_FleshHand_SoftCorpse,27270,"共用巨手网格；BeginPlay 固定 LOD2，活体实际 5,454 面"
